"['Analista de Sistemas Sênior', 'Morumbi - SP', 'VER DETALHES DA VAGA']","['Analista de Infraestrutura Bilingue', 'Alphaville - SP', 'VER DETALHES DA VAGA']"
"['Analista de Sistemas Sênior', 'Morumbi - SP', 'VER DETALHES DA VAGA']","['Analista de Infraestrutura Bilingue', 'Alphaville - SP', 'VER DETALHES DA VAGA']"
"['Analista de Sistemas Sênior', 'Morumbi - SP', 'VER DETALHES DA VAGA']","['Analista de Infraestrutura Bilingue', 'Alphaville - SP', 'VER DETALHES DA VAGA']"
"['Analista de Sistemas Sênior', 'Morumbi - SP', 'VER DETALHES DA VAGA']","['Analista de Infraestrutura Bilingue', 'Alphaville - SP', 'VER DETALHES DA VAGA']"
Analista de Sistemas Sênior,Morumbi - SP,VER DETALHES DA VAGA
Analista de Infraestrutura Bilingue,Alphaville - SP,VER DETALHES DA VAGA
"['Analista de Sistemas Sênior', 'Morumbi - SP', 'VER DETALHES DA VAGA']","['Analista de Infraestrutura Bilingue', 'Alphaville - SP', 'VER DETALHES DA VAGA']"
,São Paulo,VER DETALHES DA VAGA
Analista Desenvolvedor Java Web Pleno,Home Office,VER DETALHES DA VAGA
Desenvolvedor RPA Phyton,Home Office,VER DETALHES DA VAGA
Desenvolvedor Back End Phyton + Django,Home Office,VER DETALHES DA VAGA
Analista Service Desk Jr,São Paulo,VER DETALHES DA VAGA
Desenvolvedor Node + React Sênior,Home Office,VER DETALHES DA VAGA
Desenvolvedor Back End Java,Home Office,VER DETALHES DA VAGA
Desenvolvedor C#,Home Office,VER DETALHES DA VAGA
Analista de Segurança da Informação Jr,São Paulo - São Judas,VER DETALHES DA VAGA
Desenvolvedor BackEnd Java - Springboot Pleno,Home Office,VER DETALHES DA VAGA
Estágio de Tecnologia da Informação,São Judas - SP,VER DETALHES DA VAGA
